{"metrics":
  {"bytes_out":
    {"series":
      {"step":3600000,"values":[0,0,0,0,0,0,0,0],
      "type":"time",
      "start":1337007600000}},
  "bytes_in":
    {"series":
      {"step":3600000,
      "values":[0,0,0,0,0,0,0,0],
      "type":"time",
      "start":1337007600000}},
  "bytes_overhead":
    {"series":
      {"step":3600000,"values":[0,0,0,0,0,0,0,0],
      "type":"time",
      "start":1337007600000}},
  "bytes_player":
    {"series":
      {"step":3600000,"values":[0,0,0,0,0,0,0,0],
      "type":"time",
      "start":1337007600000}},
  "bytes_stored":
    {"series":
      {"step":86400000,"values":[0],
      "type":"time",
      "start":1336953600000}},
  "active_media":
    {"series":
      {"step":86400000,"values":[0],
      "type":"time",
      "start":1336953600000}},
  "player_load":
    {"series":
      {"step":3600000,"values":[0,0,0,0,0,0,0,0],
      "type":"time",
      "start":1337007600000},
      "alltime":0},
  "video_impression":
    {"series":
      {"step":3600000,"values":[0,0,0,0,0,0,0,0],
      "type":"time",
      "start":1337007600000},
      "alltime":0},
  "video_view":
    {"series":
      {"step":3600000,"values":[0,0,0,0,0,0,0,0],
      "type":"time",
      "start":1337007600000},
      "alltime":0},
  "video_engagement":
    {"series":
      {"type":"percentile","values":[0,0,0,0,0,0,0,0,0,0,0,0,0,0,0,0,0,0,0,0,0,0,0,0,0,0,0,0,0,0,0,0,0,0,0,0,0,0,0,0,0,0,0,0,0,0,0,0,0,0,0,0,0,0,0,0,0,0,0,0,0,0,0,0,0,0,0,0,0,0,0,0,0,0,0,0,0,0,0,0,0,0,0,0,0,0,0,0,0,0,0,0,0,0,0,0,0,0,0,0]}},
  "video_seconds_viewed":
    {"series":
      {"step":3600000,"values":[0,0,0,0,0,0,0,0],
        "type":"time",
        "start":1337007600000},
        "alltime":0},
  "video_percent_viewed":
    {"series":
      {"step":3600000,"values":[0,0,0,0,0,0,0,0],
      "type":"time",
      "start":1337007600000},
      "alltime":0}},
  "video":"734451479000",
  "account":"57838016001"}